,precision,recall,f1-score,support
go,0.7254901960784313,0.4625,0.5648854961832062,80.0
person,0.8392857142857143,0.6266666666666667,0.7175572519083969,75.0
give,0.9318181818181818,0.5857142857142857,0.7192982456140351,70.0
open,0.8823529411764706,0.6164383561643836,0.7258064516129032,73.0
close,0.7012987012987013,0.7605633802816901,0.7297297297297297,71.0
bye,0.7010309278350515,0.8717948717948718,0.7771428571428571,78.0
why,0.8461538461538461,0.7236842105263158,0.7801418439716312,76.0
wait,0.7010309278350515,0.9315068493150684,0.8,73.0
same,0.9473684210526315,0.7297297297297297,0.8244274809160306,74.0
listen,0.8787878787878788,0.7837837837837838,0.8285714285714286,74.0
who,0.7211538461538461,0.974025974025974,0.8287292817679558,77.0
fine,0.7906976744186046,0.9066666666666666,0.84472049689441,75.0
look,0.9428571428571428,0.7951807228915663,0.8627450980392157,83.0
finish,0.77,1.0,0.8700564971751412,77.0
talk,0.9142857142857143,0.8311688311688312,0.8707482993197279,77.0
hello,0.8295454545454546,0.948051948051948,0.8848484848484849,77.0
sick,0.8734177215189873,0.9078947368421053,0.8903225806451613,76.0
callonphone,0.8933333333333333,0.9054054054054054,0.8993288590604027,74.0
later,0.9295774647887324,0.88,0.9041095890410958,75.0
say,0.9852941176470589,0.8481012658227848,0.9115646258503401,79.0
find,0.9210526315789473,0.9090909090909091,0.9150326797385621,77.0
where,0.8765432098765432,0.9594594594594594,0.9161290322580645,74.0
thankyou,0.8674698795180723,0.972972972972973,0.9171974522292994,74.0
now,0.9,0.96,0.9290322580645162,75.0
time,0.9315068493150684,0.9315068493150684,0.9315068493150684,73.0
yes,0.9358974358974359,0.948051948051948,0.9419354838709677,77.0
home,0.9047619047619048,0.987012987012987,0.9440993788819876,77.0
police,0.9367088607594937,0.961038961038961,0.9487179487179487,77.0
tomorrow,0.9058823529411765,1.0,0.9506172839506173,77.0
no,0.9493670886075949,0.974025974025974,0.9615384615384616,77.0
see,0.9493670886075949,0.9868421052631579,0.967741935483871,76.0
please,0.9868421052631579,0.974025974025974,0.9803921568627451,77.0
